{"WhyMaker Rate Sheets 2025.docx": 1753321650.8004735, "WhyMaker Welcome Packet Employees & Operations Team.pdf": 1752503093.0007298, "WhyMaker Presentation New.pptx": 1753321661.3836784}